!set outputformat mysql
!use k8s

create or replace materialized view ADS."case" AS SELECT CASE WHEN "FIRST_NAME" = 'Bob' THEN ARRAY['a'] ELSE ARRAY['b'] END || CASE WHEN "FIRST_NAME" = 'Alice' THEN ARRAY['c'] ELSE ARRAY['d'] END AS arr from profile.members;
(0 rows modified)

!update

select * from ADS."case";
+--------+
| ARR    |
+--------+
| [b, c] |
| [a, d] |
| [b, d] |
+--------+
(3 rows)

!ok

create or replace materialized view ADS."createJson" AS SELECT JSON_OBJECT('name':"FIRST_NAME", 'type':4) AS json from profile.members;
(0 rows modified)

!update

select * from ADS."createJson";
+-----------------------------+
| JSON                        |
+-----------------------------+
| {"name":"Alice","type":4}   |
| {"name":"Bob","type":4}     |
| {"name":"Charlie","type":4} |
+-----------------------------+
(3 rows)

!ok

create or replace materialized view ADS."extractJson" AS SELECT JSON_VALUE("JSON", '$.name') AS name from ads."createJson";
(0 rows modified)

!update

select * from ADS."extractJson";
+---------+
| NAME    |
+---------+
| Alice   |
| Bob     |
| Charlie |
+---------+
(3 rows)

!ok

create or replace materialized view ADS."regex" AS SELECT REGEXP_REPLACE("FIRST_NAME", '(B)ob', '$1ill') AS name from profile.members;
(0 rows modified)

!update

select * from ads."regex";
+---------+
| NAME    |
+---------+
| Alice   |
| Bill    |
| Charlie |
+---------+
(3 rows)

!ok

create or replace materialized view ADS."concat" AS SELECT CONCAT('_', "FIRST_NAME", '_') AS name from profile.members;
(0 rows modified)

!update

select * from ads."concat";
+-----------+
| NAME      |
+-----------+
| _Alice_   |
| _Bob_     |
| _Charlie_ |
+-----------+
(3 rows)

!ok

create or replace materialized view ADS."listagg" AS SELECT LISTAGG("FIRST_NAME") AS agg FROM profile.members;
(0 rows modified)

!update

select * from ads."listagg";
+-------------------+
| AGG               |
+-------------------+
| Alice,Bob,Charlie |
+-------------------+
(1 row)

!ok

create or replace materialized view ADS."arr" AS SELECT ARRAY["FIRST_NAME"] AS arr FROM profile.members;
(0 rows modified)

!update

select * from ADS."arr";
+-----------+
| ARR       |
+-----------+
| [Alice]   |
| [Bob]     |
| [Charlie] |
+-----------+
(3 rows)

!ok

create or replace materialized view ADS."unnested" AS SELECT * FROM UNNEST(SELECT ARR FROM ADS."arr") AS name;
(0 rows modified)

!update

select * from ADS."unnested";
+---------+
| NAME    |
+---------+
| Alice   |
| Bob     |
| Charlie |
+---------+
(3 rows)

!ok

create or replace materialized view ADS."unnestedAgg" AS SELECT (SELECT LISTAGG(t."n") FROM UNNEST("ARR") AS t("n")) AS agg FROM (SELECT ARRAY['a','b','c'] AS arr);
(0 rows modified)

!update

select * from ADS."unnestedAgg";
+-------+
| AGG   |
+-------+
| a,b,c |
+-------+
(1 row)

!ok

drop materialized view ads."unnestedAgg";
(0 rows modified)

!update

drop materialized view ads."unnested";
(0 rows modified)

!update

drop materialized view ads."arr";
(0 rows modified)

!update

drop materialized view ads."listagg";
(0 rows modified)

!update

drop materialized view ads."concat";
(0 rows modified)

!update

drop materialized view ads."regex";
(0 rows modified)

!update

drop materialized view ads."extractJson";
(0 rows modified)

!update

drop materialized view ads."createJson";
(0 rows modified)

!update

drop materialized view ads."case";
(0 rows modified)

!update
